{
  "metrics": {
    "vus": {
      "type": "gauge",
      "contains": "default",
      "values": {
        "value": 143,
        "min": 51,
        "max": 1000
      }
    },
    "http_reqs": {
      "type": "counter",
      "contains": "default",
      "values": {
        "count": 1563,
        "rate": 48.415034416352256
      }
    },
    "http_req_sending": {
      "type": "trend",
      "contains": "time",
      "values": {
        "avg": 0.025360908509277035,
        "min": 0,
        "med": 0,
        "max": 3.8183,
        "p(90)": 0,
        "p(95)": 0
      }
    },
    "http_req_duration": {
      "type": "trend",
      "contains": "time",
      "values": {
        "max": 23340.3237,
        "p(90)": 7154.545579999998,
        "p(95)": 14222.825279999994,
        "avg": 2570.935108957135,
        "min": 0,
        "med": 628.5496
      },
      "thresholds": {
        "p(95)<2000": {
          "ok": false
        },
        "p(99)<5000": {
          "ok": false
        }
      }
    },
    "checks": {
      "type": "rate",
      "contains": "default",
      "values": {
        "passes": 1199,
        "fails": 228,
        "rate": 0.8402242466713384
      }
    },
    "iteration_duration": {
      "values": {
        "med": 8010.16755,
        "max": 24303.1039,
        "p(90)": 19070.807800000002,
        "p(95)": 19422.026525,
        "avg": 9627.977004347826,
        "min": 179.8296
      },
      "type": "trend",
      "contains": "time"
    },
    "errors": {
      "type": "rate",
      "contains": "default",
      "values": {
        "rate": 0.22758620689655173,
        "passes": 165,
        "fails": 560
      },
      "thresholds": {
        "rate<0.05": {
          "ok": false
        }
      }
    },
    "http_req_receiving": {
      "type": "trend",
      "contains": "time",
      "values": {
        "p(95)": 0,
        "avg": 0.08993698016634678,
        "min": 0,
        "med": 0,
        "max": 22.3513,
        "p(90)": 0
      }
    },
    "iterations": {
      "type": "counter",
      "contains": "default",
      "values": {
        "rate": 8.549295904614986,
        "count": 276
      }
    },
    "orders_duration": {
      "contains": "time",
      "values": {
        "p(90)": 6351.1688,
        "p(95)": 6615.3434,
        "avg": 3978.7289838509328,
        "min": 531.4872,
        "med": 4014.2255,
        "max": 13331.6887
      },
      "thresholds": {
        "p(95)<2000": {
          "ok": false
        }
      },
      "type": "trend"
    },
    "services_duration": {
      "contains": "time",
      "values": {
        "max": 23340.3237,
        "p(90)": 16376.647900000005,
        "p(95)": 18830.920765,
        "avg": 4782.9480863636345,
        "min": 0,
        "med": 732.8332
      },
      "thresholds": {
        "p(95)<800": {
          "ok": false
        }
      },
      "type": "trend"
    },
    "http_req_blocked": {
      "values": {
        "max": 50.5506,
        "p(90)": 1.01416,
        "p(95)": 4.7043,
        "avg": 0.9313970569417791,
        "min": 0,
        "med": 0
      },
      "type": "trend",
      "contains": "time"
    },
    "http_req_tls_handshaking": {
      "type": "trend",
      "contains": "time",
      "values": {
        "avg": 0,
        "min": 0,
        "med": 0,
        "max": 0,
        "p(90)": 0,
        "p(95)": 0
      }
    },
    "login_duration": {
      "type": "trend",
      "contains": "time",
      "values": {
        "avg": 3005.8347279126237,
        "min": 0,
        "med": 1718.48395,
        "max": 19652.3755,
        "p(90)": 6494.2695,
        "p(95)": 14172.997985
      },
      "thresholds": {
        "p(95)<3000": {
          "ok": false
        }
      }
    },
    "group_duration": {
      "type": "trend",
      "contains": "time",
      "values": {
        "avg": 6278.095651351349,
        "min": 42.6592,
        "med": 4836.47335,
        "max": 23341.745,
        "p(90)": 14646.57569,
        "p(95)": 17103.70120999996
      }
    },
    "http_req_duration{expected_response:true}": {
      "type": "trend",
      "contains": "time",
      "values": {
        "avg": 4520.103009336336,
        "min": 39.9147,
        "med": 2495.4032,
        "max": 23340.3237,
        "p(90)": 13741.336840000004,
        "p(95)": 16440.53694
      }
    },
    "http_req_connecting": {
      "type": "trend",
      "contains": "time",
      "values": {
        "max": 50.1112,
        "p(90)": 1.00116,
        "p(95)": 4.6915999999999825,
        "avg": 0.9114630198336539,
        "min": 0,
        "med": 0
      }
    },
    "data_sent": {
      "type": "counter",
      "contains": "data",
      "values": {
        "count": 225288,
        "rate": 6978.45570927138
      }
    },
    "data_received": {
      "type": "counter",
      "contains": "data",
      "values": {
        "count": 2017878,
        "rate": 62505.203338451734
      }
    },
    "vus_max": {
      "type": "gauge",
      "contains": "default",
      "values": {
        "value": 1000,
        "min": 1000,
        "max": 1000
      }
    },
    "http_req_waiting": {
      "type": "trend",
      "contains": "time",
      "values": {
        "p(95)": 14221.618549999992,
        "avg": 2570.819811068459,
        "min": 0,
        "med": 628.5496,
        "max": 23340.3237,
        "p(90)": 7154.345839999998
      }
    },
    "total_requests": {
      "type": "counter",
      "contains": "default",
      "values": {
        "rate": 32.64839812849346,
        "count": 1054
      }
    },
    "http_req_failed": {
      "values": {
        "rate": 0.4312220089571337,
        "passes": 674,
        "fails": 889
      },
      "thresholds": {
        "rate<0.05": {
          "ok": false
        }
      },
      "type": "rate",
      "contains": "default"
    },
    "ticket_duration": {
      "contains": "time",
      "values": {
        "p(95)": 10894.731489999996,
        "avg": 3485.7764304687507,
        "min": 316.6082,
        "med": 2272.8476499999997,
        "max": 15879.5637,
        "p(90)": 8103.402659999995
      },
      "thresholds": {
        "p(95)<2000": {
          "ok": false
        }
      },
      "type": "trend"
    }
  },
  "root_group": {
    "name": "",
    "path": "",
    "id": "d41d8cd98f00b204e9800998ecf8427e",
    "groups": [
      {
        "name": "place_order_flow",
        "path": "::place_order_flow",
        "id": "160b7aed3bf5a1ea974048334e4c09e5",
        "groups": [],
        "checks": [
            {
              "fails": 33,
              "name": "login 200",
              "path": "::place_order_flow::login 200",
              "id": "c774d0658632b20f39eb5b8b192fd868",
              "passes": 82
            },
            {
              "path": "::place_order_flow::login has token",
              "id": "03301651a3a38d31cf88ed867575e367",
              "passes": 82,
              "fails": 33,
              "name": "login has token"
            },
            {
              "name": "order responded",
              "path": "::place_order_flow::order responded",
              "id": "b5fb18add1e85a18fc3e9f9af86cf806",
              "passes": 1,
              "fails": 0
            },
            {
              "name": "orders after place 200",
              "path": "::place_order_flow::orders after place 200",
              "id": "843372654ccd6277012b73209bba1f27",
              "passes": 1,
              "fails": 0
            }
          ]
      },
      {
        "groups": [],
        "checks": [
            {
              "name": "login 200",
              "path": "::support_ticket_flow::login 200",
              "id": "836b473ccfefd8681d646f4c21f8d762",
              "passes": 77,
              "fails": 18
            },
            {
              "fails": 18,
              "name": "login has token",
              "path": "::support_ticket_flow::login has token",
              "id": "0415725460905ddcf5e5d22d9682fd63",